
<resources>
    <color name="seed">#00c1f9</color>
    <color name="md_theme_light_primary">#006686</color>
    <color name="md_theme_light_onPrimary">#FFFFFF</color>
    <color name="md_theme_light_primaryContainer">#BFE8FF</color>
    <color name="md_theme_light_onPrimaryContainer">#001F2A</color>
    <color name="md_theme_light_secondary">#006D3A</color>
    <color name="md_theme_light_onSecondary">#FFFFFF</color>
    <color name="md_theme_light_secondaryContainer">#71FDA5</color>
    <color name="md_theme_light_onSecondaryContainer">#00210E</color>
    <color name="md_theme_light_tertiary">#5E5A7D</color>
    <color name="md_theme_light_onTertiary">#FFFFFF</color>
    <color name="md_theme_light_tertiaryContainer">#E4DFFF</color>
    <color name="md_theme_light_onTertiaryContainer">#1A1836</color>
    <color name="md_theme_light_error">#BA1A1A</color>
    <color name="md_theme_light_errorContainer">#FFDAD6</color>
    <color name="md_theme_light_onError">#FFFFFF</color>
    <color name="md_theme_light_onErrorContainer">#410002</color>
    <color name="md_theme_light_background">#FBFCFE</color>
    <color name="md_theme_light_onBackground">#191C1E</color>
    <color name="md_theme_light_surface">#FBFCFE</color>
    <color name="md_theme_light_onSurface">#191C1E</color>
    <color name="md_theme_light_surfaceVariant">#DCE3E9</color>
    <color name="md_theme_light_onSurfaceVariant">#40484C</color>
    <color name="md_theme_light_outline">#70787D</color>
    <color name="md_theme_light_inverseOnSurface">#F0F1F3</color>
    <color name="md_theme_light_inverseSurface">#2E3133</color>
    <color name="md_theme_light_inversePrimary">#6ED2FF</color>
    <color name="md_theme_light_shadow">#000000</color>
    <color name="md_theme_light_surfaceTint">#006686</color>
    <color name="md_theme_light_outlineVariant">#C0C8CD</color>
    <color name="md_theme_light_scrim">#000000</color>
    <color name="md_theme_dark_primary">#6ED2FF</color>
    <color name="md_theme_dark_onPrimary">#003547</color>
    <color name="md_theme_dark_primaryContainer">#004D65</color>
    <color name="md_theme_dark_onPrimaryContainer">#BFE8FF</color>
    <color name="md_theme_dark_secondary">#51E08B</color>
    <color name="md_theme_dark_onSecondary">#00391C</color>
    <color name="md_theme_dark_secondaryContainer">#00522B</color>
    <color name="md_theme_dark_onSecondaryContainer">#71FDA5</color>
    <color name="md_theme_dark_tertiary">#C7C2EA</color>
    <color name="md_theme_dark_onTertiary">#2F2D4C</color>
    <color name="md_theme_dark_tertiaryContainer">#464364</color>
    <color name="md_theme_dark_onTertiaryContainer">#E4DFFF</color>
    <color name="md_theme_dark_error">#FFB4AB</color>
    <color name="md_theme_dark_errorContainer">#93000A</color>
    <color name="md_theme_dark_onError">#690005</color>
    <color name="md_theme_dark_onErrorContainer">#FFDAD6</color>
    <color name="md_theme_dark_background">#191C1E</color>
    <color name="md_theme_dark_onBackground">#E1E2E5</color>
    <color name="md_theme_dark_surface">#191C1E</color>
    <color name="md_theme_dark_onSurface">#E1E2E5</color>
    <color name="md_theme_dark_surfaceVariant">#40484C</color>
    <color name="md_theme_dark_onSurfaceVariant">#C0C8CD</color>
    <color name="md_theme_dark_outline">#8A9297</color>
    <color name="md_theme_dark_inverseOnSurface">#191C1E</color>
    <color name="md_theme_dark_inverseSurface">#E1E2E5</color>
    <color name="md_theme_dark_inversePrimary">#006686</color>
    <color name="md_theme_dark_shadow">#000000</color>
    <color name="md_theme_dark_surfaceTint">#6ED2FF</color>
    <color name="md_theme_dark_outlineVariant">#40484C</color>
    <color name="md_theme_dark_scrim">#000000</color>
</resources>
